locusnum	CHR	INDEP_BP	INDEP_SNP	R2	LEAD_SNP	PVAL	A1	A2	N
1	21	15216154	rs115648504	1.0	rs115648504	5e-324	A	G	22959.0
1	21	15291592	rs55915529	1.0	rs55915529	5e-324	T	C	23403.0
1	21	15341568	rs62208204	1.0	rs62208204	5e-324	T	G	23300.0
1	21	15388495	rs9981958	1.0	rs9981958	5e-324	A	T	23414.0
1	21	15417667	rs7276301	1.0	rs7276301	5e-324	T	C	23384.0
1	21	15443466	rs117587472	1.0	rs117587472	5e-324	T	C	23397.0
1	21	15458160	rs113534237	1.0	rs113534237	5e-324	T	C	23368.0
1	21	15469656	rs7282128	1.0	rs7282128	5e-324	C	T	23398.0
1	21	15489843	rs2822410	1.0	rs7282128	5e-324	T	G	23401.0
1	21	15519520	rs11087929	1.0	rs11087929	5e-324	C	G	23429.0
1	21	15552138	rs116889243	1.0	rs11087929	5e-324	A	G	23211.0
1	21	15581287	rs373719	1.0	rs373719	5e-324	G	T	23361.0
1	21	15601628	rs2080099	1.0	rs2080099	5e-324	C	A	23416.0
1	21	15627675	rs372926	1.0	rs2080099	5e-324	A	G	22250.0
1	21	15641431	rs11087988	1.0	rs11087988	5e-324	T	G	23274.0
1	21	15655186	rs429696	1.0	rs11087988	5e-324	T	C	23426.0
1	21	15676336	rs980268	1.0	rs980268	5e-324	C	T	23311.0
1	21	15696231	rs28531918	1.0	rs28531918	5e-324	C	T	22724.0
1	21	15710293	rs12482528	1.0	rs12482528	3.7570987451775776e-300	T	C	22863.0
1	21	15731006	rs2822625	1.0	rs2822625	1.2071051474917394e-276	T	C	22984.0
1	21	15757461	rs77360494	1.0	rs77360494	4.275930301733288e-244	G	A	22042.0
1	21	15785065	rs17002932	1.0	rs17002932	6.1668898785018675e-214	A	C	23202.0
1	21	15820297	rs9981270	1.0	rs9981270	1.0510561947202294e-192	G	C	23296.0
1	21	15855546	rs141602771	1.0	rs141602771	1.3984136406759896e-171	G	A	23431.0
1	21	15893594	rs760345	1.0	rs760345	5.2759683986477686e-164	C	T	23184.0
1	21	15918601	rs118133999	1.0	rs118133999	3.485894590474679e-153	T	C	23120.0
1	21	15943178	rs76177477	1.0	rs76177477	1.7586527870198495e-138	A	G	22721.0
1	21	15970716	rs466541	1.0	rs466541	6.239108318386659e-129	G	A	23397.0
1	21	16008560	rs421894	1.0	rs421894	2.0061885405867394e-119	C	T	22829.0
1	21	16076197	rs3848846	1.0	rs3848846	3.4568222390756684e-104	A	G	23425.0
1	21	16086364	rs458259	1.0	rs3848846	9.542291972590348e-97	T	G	23431.0
1	21	16105202	rs77278747	1.0	rs118133999	1.5601954930371497e-95	T	C	23069.0
1	21	16129263	rs7281062	1.0	rs7281062	5.886651699762579e-90	T	A	22853.0
1	21	16157199	rs146207054	1.0	rs146207054	1.3539939906694696e-83	T	C	23393.0
1	21	16188182	rs76594985	1.0	rs76594985	6.026938100411048e-76	A	G	22674.0
1	21	16224808	rs2822961	1.0	rs2822961	1.1023232297902e-70	C	T	23383.0
1	21	16267163	rs76881648	1.0	rs76881648	3.19959145796227e-67	C	T	23431.0
1	21	16340289	rs2229741	1.0	rs2229741	1.3222164482507597e-64	T	C	23300.0
1	21	16409889	rs2248589	1.0	rs2229741	4.0196790242312995e-61	T	G	23431.0
1	21	16451188	rs73338846	1.0	rs73338846	5.456620984389e-57	T	C	23306.0
1	21	16489433	rs7276254	1.0	rs7276254	7.60722512872089e-53	T	C	23166.0
1	21	16520686	rs12483713	1.0	rs12483713	1.6604299646880898e-48	T	C	23415.0
1	21	16553203	rs79524992	1.0	rs79524992	1.0131346807333598e-43	A	T	22467.0
1	21	16595041	rs2823168	1.0	rs2823168	3.029132728470339e-40	G	A	23343.0
1	21	16635737	rs57438378	1.0	rs57438378	1.29762293876092e-38	T	A	23370.0
1	21	16678143	rs11088345	1.0	rs11088345	1.09114376953498e-36	G	A	22933.0
1	21	16715625	rs61481480	1.0	rs61481480	1.31182859031046e-35	T	C	23245.0
1	21	16763767	rs2403963	1.0	rs2403963	7.690366679447259e-34	T	C	22468.0
1	21	16807749	rs1297259	1.0	rs2403963	3.66140060309747e-31	G	A	23339.0
1	21	16851122	rs8130728	1.0	rs8130728	2.5976799583217104e-29	G	A	23431.0
1	21	16892267	rs62217411	1.0	rs62217411	2.9496312427973896e-27	A	G	23406.0
1	21	16920596	rs116926926	1.0	rs116926926	2.15271717309409e-25	T	C	23157.0
1	21	16950162	rs28781614	1.0	rs28781614	2.7674564885788994e-23	C	T	23336.0
1	21	16994106	rs73177260	1.0	rs73177260	2.8933447839991195e-21	G	A	23108.0
1	21	17042573	rs9978165	1.0	rs9978165	1.39504657527194e-19	G	A	23293.0
1	21	17095654	rs7283764	1.0	rs7283764	2.01044226397956e-18	C	T	23092.0
1	21	17203597	rs55920012	1.0	rs55920012	6.05660803780266e-17	A	T	22617.0
1	21	17265896	rs117813293	1.0	rs117813293	3.93811703439123e-16	A	G	23395.0
1	21	17330562	rs11701844	1.0	rs11701844	5.73578711698326e-15	G	A	23404.0
1	21	17370056	rs2823536	1.0	rs2823536	4.08740085137719e-14	T	C	23393.0
1	21	17461792	rs6517687	1.0	rs6517687	3.4208004410703195e-13	A	G	23431.0
1	21	17547886	rs2823625	1.0	rs2823625	9.40227910054842e-13	G	A	23294.0
1	21	17592547	rs62219537	1.0	rs62219537	2.3929409197123996e-12	A	T	23273.0
1	21	17637496	rs238997	1.0	rs238997	7.44326942716406e-12	T	C	22816.0
1	21	17728967	rs56014194	1.0	rs56014194	2.3111955945632397e-11	T	G	23127.0
1	21	17758088	rs2044733	1.0	rs2044733	4.8669830739380396e-11	A	G	23141.0
1	21	17784905	rs1974156	1.0	rs1974156	1.23221306540497e-10	A	T	23431.0
1	21	17814909	rs2823805	1.0	rs2044733	3.29132214055446e-10	C	G	23402.0
1	21	17922489	rs112314286	1.0	rs112314286	9.76856465400417e-10	T	A	23318.0
1	21	17999694	rs13047919	1.0	rs13047919	2.28732673342021e-09	A	G	23429.0
1	21	18024622	rs2211991	1.0	rs2211991	7.07428450290272e-09	G	A	23424.0
1	21	18091017	rs2823996	1.0	rs2823996	4.1243433539985095e-08	T	C	23196.0
